{"cameraMode":{"drawMode":0,"name":"Shaded","section":"Shading Mode"},"sceneLighting":true,"audioPlay":false,"sceneViewState":{"m_AlwaysRefresh":false,"showFog":true,"showSkybox":true,"showFlares":true,"showImageEffects":true,"showParticleSystems":true,"showVisualEffectGraphs":true,"m_FxEnabled":true},"in2DMode":false,"pivot":{"x":2.062817096710205,"y":5.797078609466553,"z":-4.06743049621582},"rotation":{"x":0.16274304687976838,"y":-0.17799429595470429,"z":-0.029757531359791757,"w":-0.9700986742973328},"size":0.012377697043120861,"orthographic":false}