{"cameraMode":{"drawMode":0,"name":"Shaded","section":"Shading Mode"},"sceneLighting":true,"audioPlay":false,"sceneViewState":{"m_AlwaysRefresh":false,"showFog":true,"showSkybox":true,"showFlares":true,"showImageEffects":true,"showParticleSystems":true,"showVisualEffectGraphs":true,"m_FxEnabled":true},"in2DMode":false,"pivot":{"x":-21.832965850830079,"y":-2.988098621368408,"z":25.415250778198243},"rotation":{"x":-0.08342813700437546,"y":0.1368217170238495,"z":-0.011456574313342572,"w":-0.9870553016662598},"size":22.422088623046876,"orthographic":false}