{"cameraMode":{"drawMode":0,"name":"Shaded","section":"Shading Mode"},"sceneLighting":false,"audioPlay":false,"sceneViewState":{"m_AlwaysRefresh":false,"showFog":true,"showSkybox":false,"showFlares":true,"showImageEffects":true,"showParticleSystems":true,"showVisualEffectGraphs":true,"m_FxEnabled":true},"in2DMode":false,"pivot":{"x":12.420310974121094,"y":7.988126277923584,"z":9.500984191894532},"rotation":{"x":0.015255158767104149,"y":0.9093102216720581,"z":-0.41462087631225588,"w":0.033640068024396899},"size":0.9945056438446045,"orthographic":false}